题号,题型,题目,选项A,选项B,选项C,选项D,选项E,答案
1,单项选择题,“气化”指的是（ ）,气能化水，水又能化为气,气的升降出入运动,体内津、气、血、精等物质各自的新陈代谢及相互转化,气能生血，血又能生气,,C
2,单项选择题,“相傅之官”指的是（ ）,心,肾,脾,肺,,D
3,单项选择题,“阴损及阳”所说明的阴阳关系是（ ）,阴阳交感,阴阳互根,阴阳对立,阴阳消长,,B
4,单项选择题,“阴虚则热”其证候性质是（ ）,实热证,虚热证,假热证,寒热错杂证,,B
5,单项选择题,“阴在内，阳之守也；阳在外，阴之使也”，体现了阴阳之间的哪种关系（ ）,对立制约,互根互用,互为消长,平衡协调,,B
6,单项选择题,“元神之府”指的是（ ）,脑,髓,骨,脉,,A
7,单项选择题,嗳气频作而响亮，嗳气后脘腹胀减多为（ ）,宿食内停,肝气犯胃,胃阳亏虚,胃虚气逆,,B
8,单项选择题,百合固金汤的主治证候中常见（ ）,咯痰带血,干咳无痰,咯痰黄稠,咯痰不爽,,A
9,单项选择题,败毒散的组成中含有的药物是 （ ）,牛蒡、山栀,防风、白芷,柴胡、前胡,银花、连翘,,C
10,单项选择题,半夏泻心汤与小柴胡汤两方组成中均含有的药物是（ ）,柴胡、人参、黄芩、炙甘草、生姜,半夏、黄芩、人参、大枣、炙甘草,人参、黄芩、半夏、干姜、炙甘草,人参、生姜、半夏、炙甘草、大枣,,B
11,单项选择题,被称为“风药中之润剂”的药物是（ ）,威灵仙,防己,蕲蛇,秦艽,,D
12,单项选择题,被古人喻为“回光返照”、,失神,少神,假神,神乱,,C
13,单项选择题,便秘的基本病机是（ ）,大肠传导失常,脾失运化,肝气郁结,肺失肃降,,A
14,单项选择题,病久必累及的脏腑是（ ）,肾,心,脾,肝,,A
15,单项选择题,病人因生气后，觉胸胁痞满，恶心呕吐，嗳气不舒，其证属（ ）,肝气犯胃,肝气郁结,肝脾不和,胃气不降,,A
16,单项选择题,补中益气汤与普济消毒饮中均含有（ ）,柴胡、升麻,黄芪、白术,当归、白术,黄芩、陈皮,,A
17,单项选择题,补中益气汤中使用黄芪的用意是（ ）,补气活血,补气升阳,补气行水,补气生血,,B
18,单项选择题,不属于黄芩的功效是（ ）,泻火,燥湿,退虚热,止血,,C
19,单项选择题,车前子入汤剂时，其用法是（ ）,先煎,后下,另煎,包煎,,D
20,单项选择题,赤白相兼之湿热痢疾，治宜选用（ ）,芍药汤,葛根芩连汤,痛泻要方,真人养脏汤,,A
21,单项选择题,川芎茶调散的功用是（ ）,散寒止痛,疏风止痛,活血止痛,行气解郁,,B
22,单项选择题,川芎茶调散的主治病证是（ ）,血虚头痛,痰厥头痛,气虚头痛,外风头痛,,D
23,单项选择题,大承气汤配伍枳实的意义是（ ）,泻热通便,行气消痞,补血调经,下气除满,,B
24,单项选择题,大黄牡丹汤属于（ ）,润下剂,逐水剂,攻补兼施剂,寒下剂,,D
25,单项选择题,导致患者自汗、多尿、滑精的是（ ）,气的防御失常,气的气化失常,气的温煦失常,气的固摄失常,,D
26,单项选择题,导致阴损及阳的主要机理是（ ）,阴寒壅盛，阳气浮越于外,阴液亏损，虚热内生,阴液亏损，累及阳气生化不足,外感阴寒之邪，伤及阳气,,C
27,单项选择题,调摄精神和锻炼身体以提高正气抗邪能力的防病原则是（ ）,既病防变,调理阴阳,未病先防,扶正祛邪,,C
28,单项选择题,对于高血压合并糖尿病的患者，以下哪种药物是优先考虑的选择（ ）,ACEI/ARB 类药物,钙通道阻滞剂,利尿剂,β受体阻滞剂,,A
29,单项选择题,对于慢性肾炎患者的饮食管理，以下哪项是正确的（ ）,低蛋白、高糖、低盐饮食,高蛋白、高糖、低盐饮食,低蛋白、低糖、高盐饮食,高蛋白、低糖、高盐饮食,,A
30,单项选择题,于脾胃虚弱导致的慢性腹泻，最适宜选用的中药方剂是（ ）,四君子汤,参苓白术散,理中丸,归脾汤,,B
31,单项选择题,对于疑似心脏神经官能症的患者，以下哪项检查最具诊断价值（ ）,超声心动图,血液生化检查,冠脉造影,心理评估,,D
32,单项选择题,二陈汤主治（ ）,湿痰咳嗽,痰热咳嗽,燥痰咳嗽,寒痰咳嗽,,A
33,单项选择题,饭后困倦嗜睡，少气懒言，食量减少的临床意义是（ ）,痰湿困脾,脾气不足,心肾阳虚,邪闭心神,,B
34,单项选择题,方药配伍寓有“通因通用”之意的方剂是（ ）,凉膈散,玉女煎,清胃散,芍药汤,,D
35,单项选择题,肺痈初期，首选治疗方剂是（ ）,沙参清肺汤,桔梗杏仁煎,银翘散,《千金》苇茎汤,,C
36,单项选择题,甘麦大枣汤的功用是（ ）,镇心安神，清热养血,滋阴清热，养血安神,益阴明目，重镇安神,养心安神，和中缓急,,D
37,单项选择题,肝血亏损的病机，下列不确切的是（ ）,阳气亢逆于上，耳鸣头晕,肝血不足，月经量少,血虚不能上荣，两目干涩,血虚筋脉失养，肢体麻木,,A
38,单项选择题,干咳无痰，口干咽燥，声音嘶哑，形体消瘦，午后潮热，腰膝酸软，舌红脉细，证属（ ）,肺肾阴虚证,肺肾气虚证,肾阴虚证,燥邪犯肺证,,A
39,单项选择题,葛根黄芩黄连汤中配伍黄芩的用意是（ ）,和解清热,清热燥湿,清热止血,清热安胎,,B
40,单项选择题,根据五行学说，下列哪个器官与“土”相配（ ）,心,肝,脾,肺,,C
41,单项选择题,根据中医诊断学，下列哪种症状属于望诊中的面色（ ）,呼吸声粗糙,舌苔薄白,眼窝凹陷,面色晦暗,,D
42,单项选择题,功能解毒除湿，善治梅毒的药物是（ ）,马齿苋,大血藤,重楼,土茯苓,,D
43,单项选择题,关于肝郁气滞证的治疗原则，下列说法正确的是（ ）,补益肝肾，滋养肝血,清热解毒，凉血止血,疏肝理气，解郁化痰,温补脾阳，健脾利湿,,C
44,单项选择题,关于高血压的定义，下列描述正确的是（ ）,血压持续超过 130/85mmHg,血压持续超过 140/90mmHg,血压持续超过 150/95mmHg,血压持续超过 160/100mmHg,,B
45,单项选择题,关于慢性心力衰竭患者在运动训练中的注意事项，下列哪项描述是正确的（ ）,应避免任何形式的运动，以防病情加重,应从低强度运动开始，逐渐增加运动量,心率应控制在最大心率的 60%以下,运动过程中出现任何不适应立即停止，并继续休息,,B
46,单项选择题,关于心绞痛的诊断，以下哪项描述是正确的（ ）,心绞痛患者的心电图在所有情况下都会显示 ST 段压低。,心绞痛发作时，心电图通常会显示出 T 波倒置或异常深的 U 波。,心绞痛患者的心电图在所有时间点都无明显变化。,心绞痛患者的心电图在任何情况下都不会有改变。,,B
47,单项选择题,关于中药配伍中的“七情”，以下说法正确的是（ ）,“七情”指酸、苦、甘等七种药性特征,“七情”主要指单一用药以及药物之间的相互作用关系,“七情”理论强调的是中药与西药的配合使用效果最佳,“七情”在临床应用中必须严格按照一定的配比原则使用,,B
48,单项选择题,关于中药药理作用特点，以下说法不正确的是（ ）,中药起效慢但副作用较小,中药适用于各种人群，包括孕妇和儿童,中药常需要搭配多种药物联合使用以达到治疗效果,中药使用应遵循个体差异，辩证施治原则进行个体化的治疗,,B
49,单项选择题,关于中医辨证论治的基本原则，以下哪项描述是错误的（ ）,望闻问切收集患者资料,辨证与辨病相结合,因人而异采取相应治疗方法,病为本，证为标，治疗时应重视治本而非治标,,D
50,单项选择题,关于中医对气血关系的描述，下列哪项是不准确的（ ）,气为血之帅,血为气之母,气血互不相干,气行则血行,,C
51,单项选择题,关于中医理论中“气血不和”的说法，正确的是（ ）,气血不和是指气和血各自独立运行，互不干扰,气血不和会导致脏腑功能失调,气血不和仅表现为面色苍白无华,气血不和是轻微病症，无需特别治疗,,B
52,单项选择题,关于中医体质学说的描述，以下哪项不正确（ ）,中医体质学说主要探讨正常人体的体质类型及其与疾病的关系,中医体质学说涵盖了人的形态、生理和心理特点,中医体质学说认为体质是不可改变的,中医体质学说强调体质与发病的密切联系,,C
53,单项选择题,关于中医五脏六腑的说法，正确的是（ ）,五脏指的是心、肝、脾、肺、肾，具有实的特点,六腑主要是胃、大肠、小肠等，其主要功能是盛纳食物,五脏功能主要与精神情志有关，与物质代谢关系不大,六腑的功能是储存精气，与五脏的功能相辅相成,,D
54,单项选择题,归脾汤的功效为（ ）,健脾益气，宁心安神,益气补血，健脾宁心,健脾养心，益气摄血,滋阴清热，补心安神,,B
55,单项选择题,归脾汤和当归补血汤两方组成药物中均含有（ ）,熟地、当归,山药、茯苓,熟地、泽泻,当归、黄芪,,D
56,单项选择题,咳声如犬吠，伴有声音嘶哑、呼吸困难多见于（ ）,白喉,顿咳,百日咳,肺炎,,A
57,单项选择题,咳血方中含有的药物是（ ）,栀子、大黄,白术、黄芩,青黛、诃子,蒲黄、当归,,C
58,单项选择题,汗出如油，热而黏腻，兼见身热，躁扰烦渴，脉细数疾者属于（ ）,实热证,亡阳证,亡阴证,阴虚证,,C
59,单项选择题,何方最能体现王冰所谓“益火之源，以消阴翳”之意（ ）,六味地黄丸,地黄饮子,大补阴丸,肾气丸,,D
60,单项选择题,和解少阳，内泻热结的方剂是（ ）,四逆散,大柴胡汤,痛泻要方,蒿芩清胆汤,,B
61,单项选择题,槐花散的主治病证是（ ）,血热妄行之上部出血,肝火犯肺之咳血,肠风脏毒之便血,热结下焦之尿血,,C
62,单项选择题,患儿，3 岁。出丹痧后，眼睑浮肿继而全身浮肿，按之凹陷随手而起尿少。其病机是（ ）,肺脾气虚，水湿不化,耗伤肾阳，气不化水,湿热内蕴，下焦不利,余邪未清，内归肺脾,,D
63,单项选择题,患儿，男，7 岁。多动多语，冲动任性，难以制约，注意力不集中，胸中烦热，懊恼不,肝肾阴虚,心脾两虚,痰火内扰,气郁化火,,C
64,单项选择题,患者，男，18 岁。恶寒发热，头痛身痛，无汗而喘，舌苔薄白，脉浮紧。治疗应首选,小青龙汤,桂枝汤,九味羌活汤,麻黄汤,,D
65,单项选择题,患者，男，24 岁。颈项强痛，活动受限，头向患侧倾斜，项背牵拉痛，颈项部压痛明,内关、外关,肩井、后溪,风池、合谷,血海、阴陵泉,,C
66,单项选择题,患者，男，45 岁，感冒后出现咳嗽，痰少而黏，不易咳出，伴咽痛，舌红少苔，脉细,风寒感冒,风热感冒,暑湿感冒,虚寒感冒,,B
67,单项选择题,患者，男，45 岁，因反复咳嗽、咳痰 5 年，加重伴喘息 1 个月入院。查体：舌红苔黄,清热解毒,化痰止咳,理气平喘,活血化瘀,,D
68,单项选择题,患者，男，50 岁，患慢性胃炎多年，近期出现腹胀、纳差、乏力等症状。以下哪项治,服用抗生素,服用抗酸药,中药调理,服用解痉药,,C
69,单项选择题,患者，男，65 岁，患有高血压病 3 年，近日出现头痛、头晕、心悸等症状，诊断为高,仅给予血压控制药物治疗,控制血压的同时，注意改善生活方式,单纯采取生活方式干预即可,其他选项都不对,,B
70,单项选择题,患者，男，65 岁，近来经常出现头晕、乏力等症状，经检查发现血压偏高。医生建议,香蕉,巧克力,黑木耳,咸鱼,,A
71,单项选择题,患者，男，65 岁。眩晕，耳鸣如蝉，健忘失眠，胁痛，腰膝酸痛，盗汗，舌红少苔，,肾精不足,肾阴虚,肝阴虚,肝肾阴虚,,D
72,单项选择题,患者，男性，60 岁。两耳听力下降 5 年余，伴耳鸣如蝉，腰膝酸软，脉沉细。治疗应,手、足厥阴经穴为主，兼取手少阳经穴,手、足少阴经穴为主，兼取手少阳经穴,手、足太阳经穴为主，兼取足少阴经穴,手、足少阳经穴为主，兼取足少阴经穴,,D
73,单项选择题,患者，女，26 岁，未婚。两次月经中间阴道少量出血，色鲜红，质稍稠，无血块，伴,养阴清热，固冲止血,养阴活血，固冲摄血,滋肾养阴，固冲止血,补肾益气，固冲止血,,C
74,单项选择题,患者，女，26 岁，已婚。胃脘痞满，灼热，不思饮食，频频泛恶，干呕，大便秘结，,脾阴不足,胃阴不足,胃燥津亏,胃热炽盛,,B
75,单项选择题,患者，女，40 岁，因慢性胃炎长期服用质子泵抑制剂治疗，近日出现口腔念珠菌感染,维生素 C,维生素 B12,制霉菌素,阿莫西林,,C
76,单项选择题,患者，女性，50 岁。头痛多年，后头部疼痛固定不移，痛如锥刺，舌暗，脉细涩。针,阿是穴、血海、膈俞,三阴交、肝俞、脾俞,后溪、申脉、侠溪,太阳、太溪、侠溪,,A
77,单项选择题,患者 3 年来腰部时常酸痛，腰部肌肉僵硬，久坐加重，舌质淡暗，边有瘀点。针灸治疗,悬钟、太冲,肾俞、太溪,膈俞、次髎,肾俞、足三里,,C
78,单项选择题,患者恶寒较甚，发热，无汗，身楚倦怠，咳嗽，咳痰无力，舌淡苔薄白，脉浮无力。治,杏苏散,参苏饮,荆防败毒散,葛根汤,,B
79,单项选择题,患者李某，女，62 岁。因“头晕、心悸、乏力半年”就诊。既往有贫血史。查体：面,胃镜检查,骨髓穿刺,大便潜血试验,铁代谢相关检查,,D
80,单项选择题,患者男性，65 岁，因“反复胸闷气短 10 年，加重伴双下肢水肿 2 周”入院。查体：BP,急性心肌梗死,慢性心力衰竭,扩张型心肌病,高血压心脏病,,B
81,单项选择题,患者男性，年龄在四十岁上下，存在脉象虚浮的表现，兼有舌嫩而面色苍白等症状。这,阳虚体质,阴虚体质,气血两虚体质,湿热体质,,C
82,单项选择题,患者女，24 岁。进食鱼虾、螃蟹等海鲜后，自觉腹痛，恶心欲吐，大便稀溏，呈稀水,香薷,紫苏,薄荷,葛根,,B
83,单项选择题,患者张某，男，58 岁。有长期吸烟史，因反复咳嗽、咳痰 5 年加重伴气喘 2 天入院。,支气管哮喘,慢性阻塞性肺疾病急性加重期,肺炎,肺癌,,B
84,单项选择题,患者壮热面赤，汗出恶热，烦渴引饮脉洪大有力。治疗应首选（ ）,黄连解毒汤,竹叶石膏汤,白虎汤,麻黄杏仁甘草石膏汤,,C
85,单项选择题,既能开窍醒神，又能治疗各种疮疡、咽喉肿痛、目疾、口疮等的常用药物是（ ）,芒硝,冰片,朱砂,石膏,,B
86,单项选择题,既能凉血止血，又能祛痰止咳、生发乌发的药物是（ ）,大蓟,紫珠,侧柏叶,槐角,,C
87,单项选择题,既能泻火凉血，活血祛瘀，又能清泄湿热的药物是（ ）,栀子,丹皮,紫草,大黄,,D
88,单项选择题,既能行气止痛、温中止呕，又能纳气平喘的药物是（ ）,沉香,木香,川楝子,乌药,,A
89,单项选择题,见肝之病，知肝传脾的病机传变是（ ）,木克土,木乘土,土侮木,母病及子,,B
90,单项选择题,将药物用猛火直接烧红，再投入液体中使之松脆，称做（ ）,淬,淖,煨,煅,,A
91,单项选择题,桔梗治疗咳嗽痰多，其机理是（ ）,降气消痰,燥湿祛痰,清肺化痰,宣肺祛痰,,D
92,单项选择题,具有“发中有补，散中有收，邪正兼顾，阴阳并调”配伍特点的方剂是（ ）,桂枝汤,麻黄汤,止嗽散,小青龙汤,,A
93,单项选择题,具有活血凉血功效的药组是（ ）,川芎、赤芍,郁金、姜黄,生地黄、玄参,郁金、丹参,,D
94,单项选择题,具有凉血止血、清泻肝火作用的药物是（ ）,大蓟,小蓟,侧柏叶,槐花,,D
95,单项选择题,具有升浮性质的果实类药物是（ ）,旋覆花,金银花,苍耳子,决明子,,C
96,单项选择题,具有消食和中，健脾开胃功效的药物是（ ）,莱菔子,谷芽,白术,苍术,,B
97,单项选择题,具有逐瘀泻热功效的方剂是（ ）,血府逐瘀汤,补阳还五汤,桃核承气汤,温经汤,,C
98,单项选择题,可见眩晕，肢体震颤，面白无华症状的是（ ）,肝阳化风证,阴虚动风证,血虚生风证,热极生风证,,C
99,单项选择题,可用于脾阳不足，中焦虚寒所致的崩漏的方剂是（ ）,四物汤和生化汤,加味逍遥散和固冲汤,归脾汤和补中益气汤,理中丸和黄土汤,,D
100,单项选择题,李某，男，72 岁。5 年来时感眼前发黑，周围景物旋转，甚至无法站立，精神萎靡，,中风中经络之阴虚风动证,眩晕气血亏虚证,中风肝肾亏虚证,眩晕肾精不足证,,D
101,单项选择题,里热极盛，反见四肢发凉，其治疗原则是（ ）,因地制宜,治病求本,祛除邪气,因人制宜,,B
102,单项选择题,临床上所见的胀满疼痛、瘀斑及癥瘕积聚等证候反映了气与血之间的哪种关系（ ）,气不摄血,气滞血瘀,气随血脱,气血两虚,,B
103,单项选择题,苓桂术甘汤的功用是（ ）,温阳化饮，健脾利湿,温阳健脾，行气利水,利水消肿，理气健脾,利水渗湿，温阳化气,,A
104,单项选择题,六淫的共同致病特点不包括（ ）,外感性,季节性,传染性,地域性,,C
105,单项选择题,龙骨与牡蛎二者共同的功效是（ ）,重镇安神、平肝潜阳,重镇安神、凉血止血,重镇安神、清肝明目,收敛固涩、清肝明目,,A
106,单项选择题,麻黄杏仁甘草石膏汤中，石膏与麻黄的比例为（ ）,7∶1,1∶1,2∶1,3∶1,,C
107,单项选择题,马钱子的内服量为（ ）,0.3~0.6g,0.03~0.06g,1~3g,3~6g,,A
108,单项选择题,面色萎黄、少气懒言、疲乏无力等症可由哪项导致（ ）,气滞血瘀,气不摄血,气随血脱,气血两虚,,D
109,单项选择题,某女性患者，50 岁，经期紊乱，潮热盗汗，心烦易怒，失眠多梦，伴有头晕耳鸣，手,肾阴虚,肾阳虚,心脾两虚,肝郁气滞,,A
110,单项选择题,某些热病用苦寒泻火药治疗，热象反而加重，则应进一步采用（ ）,滋养阴液,加重苦寒药量,清利湿热,改用清热药,,A
111,单项选择题,某中年男性患者，因长期大量吸烟，近期出现咳嗽、咳痰、咯血等症状，诊断为慢性,控制感染,祛痰止咳,解痉平喘,促进排痰,,A
112,单项选择题,木、火、土、金、水最早被称为（ ）,五行,五物,五运,五材,,D
113,单项选择题,哪种病证最易首先影响到肝（ ）,气虚,血虚,阴虚,阳虚,,B
114,单项选择题,气机升降之枢指的是（ ）,肺气宣发，又主肃降,心火下降，肾水上升,脾主升清，胃主降浊,肝气主升，肺气主降,,C
115,单项选择题,牵牛子不宜与以下哪味药配伍（ ）,人参,苦参,巴豆,莱菔子,,C
116,单项选择题,前额部及眉棱骨等处的头痛多为（ ）,太阳头痛,厥阴头痛,阳明头痛,少阳头痛,,C
117,单项选择题,青蒿鳖甲汤证的病机是（ ）,阳明气分热盛证,阴虚有火，潮热盗汗证,阴虚内热，虚劳骨蒸证,温病后期，邪伏阴分证,,D
118,单项选择题,青蒿鳖甲汤中青蒿与鳖甲的配伍意义是（ ）,除烦坚阴，润燥降火,养血育阴，益气固表,滋阴退热，泻火除烦,滋阴清热，内清外透,,D
119,单项选择题,清胆利湿，和胃化痰的方剂是（ ）,青蒿鳖甲汤,茵陈蒿汤,半夏泻心汤,蒿芩清胆汤,,D
120,单项选择题,清营汤中所包含的方剂是（ ）,导赤散,左金丸,生脉散,增液汤,,D
121,单项选择题,全科医生在处理慢性阻塞性肺疾病（COPD）患者时，下列哪一项不是其治疗原则的一,长期家庭氧疗,无创机械通气,糖皮质激素吸入,呼吸功能锻炼,,B
122,单项选择题,全科医生在接诊患者时，应首先了解患者的哪个方面来判断其是否需要进一步转诊（ ）,患者的经济状况,患者对疾病的看法,患者的健康状况,患者的社会支持系统,,C
123,单项选择题,全科医学中，对于糖尿病患者的随访管理，以下哪一项是最关键的（ ）,每年一次的常规体检,定期监测血糖水平，并根据结果调整药物治疗,强制要求患者改变饮食习惯和增加运动量,定期进行糖尿病并发症的筛查,,B
124,单项选择题,全科医学中的“四诊”指的是哪四种诊断方法（ ）,问诊、望诊、切诊、听诊,问诊、切诊、望诊、闻诊,问诊、切诊、视诊、触诊,问诊、切诊、闻诊、视诊,,A
125,单项选择题,三仁汤中的“三仁”为（ ）,麻仁、桃仁、薏苡仁,杏仁、白蔻仁、薏苡仁,桃仁、白蔻仁、冬瓜仁,桃仁、白蔻仁、薏苡仁,,B
126,单项选择题,善于治疗肝气郁滞之痛经，人称“气病之总司，妇科之主帅”的药物是（ ）,香附,木香,佛手,青皮,,A
127,单项选择题,善于治疗无脉症的腧穴是（ ）,太渊,少商,郄门,尺泽,,A
128,单项选择题,芍药汤中大黄苦寒沉降，其泻下通腑可导湿热积滞从大便而去，此法为（ ）,塞因塞用,通因通用,热因热用,火郁发之,,B
129,单项选择题,肾气丸的主治有（ ）,胸痹,慢惊风,发狂,痰饮,,D
130,单项选择题,生化汤主治（ ）,脾气虚弱冲脉不固证,冲任虚寒，瘀血阻滞证,产后瘀血腹痛,脾不统血之崩漏,,C
131,单项选择题,实脾散组成中含有的药物是（ ）,草豆蔻白术,陈皮木瓜,茯苓皮大腹子,炮附子炙甘草,,D
132,单项选择题,四逆散中一升一降配伍的药物是（ ）,柴胡配芍药,柴胡配甘草,柴胡配枳实,芍药配甘草,,C
133,单项选择题,四逆汤与当归四逆汤二方组成中均含有的药物是（ ）,当归,附子,桂枝,甘草,,D
134,单项选择题,四逆汤中的姜药是（ ）,生姜,干姜,良姜,炮姜,,B
135,单项选择题,四神丸中“姜枣同煮，枣肉为丸”的用意是（ ）,调和营卫,温补脾胃,补中养血,调和诸药,,B
136,单项选择题,酸枣仁不具有的功效是（ ）,安神,敛汗,生津,活血消肿,,D
137,单项选择题,痰白而清稀，或有灰黑点者多属（ ）,热痰,寒痰,湿痰,燥痰,,B
138,单项选择题,体现“透热转气”法的代表方剂是（ ）,银翘散,白虎汤,清营汤,犀角地黄汤,,C
139,单项选择题,为全身阴阳之根本的是（ ）,肾阳,肝阳,心阳,肺阳,,A
140,单项选择题,位于小腿内侧，胫骨内侧髁下缘与胫骨内侧缘之间的凹陷中的腧穴是（ ）,足三里,阴陵泉,曲泉,地机,,B
141,单项选择题,温病辨证论治中身热夜甚，心烦躁扰，斑疹隐隐，舌红绛无苔，脉细数者。宜选择的,栀子豉汤,导赤承气汤,清营汤,清宫汤,,C
142,单项选择题,五倍子的全部功效是（ ）,固表止汗，敛肺止咳，涩肠止泻,敛肺降火，涩肠固精，敛汗止血,敛汗固表，缩尿止遗，固崩止带,涩肠止泻，收敛止血，涩精止遗,,B
143,单项选择题,五仁丸中无（ ）,桃仁,杏仁,柏子仁,麻子仁,,D
144,单项选择题,五色主病中黄色主（ ）,寒证,血瘀,水饮,湿证,,D
145,单项选择题,五行关系中“见肝之病，知肝传脾”是指（ ）,木侮土,木生土,木克土,木乘土,,D
146,单项选择题,五行特性中，何曰“润下”（ ）,木,火,土,水,,D
147,单项选择题,下合穴中可治疗肠痈、痢疾的是（ ）,委中,阳陵泉,足三里,上巨虚,,D
148,单项选择题,下列不按五行相生顺序排列的是（ ）,呼、笑、歌、哭、呻,筋、脉、肉、皮、骨,青、赤、黄、白、黑,角、徵、商、宫、羽,,D
149,单项选择题,下列不属于胁痛病因的是（ ）,肝郁气滞,肝胆湿热,肝胆火盛,痰热阻肺,,D
150,单项选择题,下列不属于足太阴经主治范围的是（ ）,肾病,脾胃病,妇科病,口舌病,,A
151,单项选择题,下列不宜与藜芦配伍的是（ ）,肉桂,黄芩,辛夷,苦参,,D
152,单项选择题,下列除哪项外均是瘀血常见的症状（ ）,肌肤甲错,出血,胀痛,唇甲青紫,,C
153,单项选择题,下列方剂中，麻黄用量最大的是（ ）,麻黄汤,麻杏甘石汤,葛根汤,桂枝汤,,B
154,单项选择题,下列各项，不属眩晕病因的是（ ）,年高肾亏,外感风湿,情志不遂,饮食不节,,B
155,单项选择题,下列各项，不属于和法范畴的是（ ）,表里双解,分消上下,寒热并用,消食和胃,,D
156,单项选择题,下列各项，不属于逍遥散证临床表现的是（ ）,两胁作痛,头痛目眩,神疲食少,脉弦而数,,D
157,单项选择题,下列各项，具有统血功能的是（ ）,肾,肺,肝,脾,,D
158,单项选择题,下列各项，可见口干但欲漱水不欲咽症状的是（ ）,阴虚,痰饮,瘀血,温病营分证,,C
159,单项选择题,下列各项中不属于消法范畴的是（ ）,消导食积,消痞化积,通导大便,消痰利水,,C
160,单项选择题,下列各组中，属于俞募配穴的是（ ）,厥阴俞、巨阙,三焦俞、京门,肝俞、章门,胆俞、日月,,D
161,单项选择题,下列关于“八纲辨证”的说法，哪项是正确的（ ）,表证多见于夏季，里证多见于冬季,寒证和热证是阴阳失调的表现，与脏腑功能无关,虚实辨证主要是根据症状的多少和轻重来判断,寒热辨证是根据患者感受的冷热程度来划分,,C
162,单项选择题,下列关于急性心肌梗死的描述，错误的是（ ）,心肌梗死主要原因是冠状动脉粥样硬化,心肌梗死分为 ST 段抬高型和非 ST 段抬高型,心肌梗死患者心电图上常出现异常 Q 波,心肌梗死患者的心脏彩超常显示室壁运动异常,,C
163,单项选择题,下列关于急性胰腺炎的描述，正确的是（ ）,急性胰腺炎主要累及胰腺的腺体组织和间质组织,急性胰腺炎的主要原因是饮酒过量,急性胰腺炎的主要症状是上腹痛、恶心和呕吐,急性胰腺炎的治疗主要是对症治疗和手术治疗,,C
164,单项选择题,下列关于慢性阻塞性肺疾病（COPD）的描述，正确的是（ ）,COPD 是一种遗传性疾病，与吸烟无关,COPD 的主要症状是慢性咳嗽、咳痰和呼吸困难,COPD 的危险因素包括空气污染、职业暴露和遗传因素,COPD 的治疗主要是药物治疗和生活方式干预,,B
165,单项选择题,下列关于全科医学的说法错误的是（ ）,全科医学是一门整合了预防、医疗、康复及健康促进的综合性医学专业,全科医生是提供全方位医疗服务的医生,全科医学注重疾病的治疗而非预防,全科医学强调以患者为中心的医疗服务模式,,C
166,单项选择题,下列关于望舌部位的顺序正确的是（ ）,先看舌中，再看舌尖、舌边，最后看舌根部,先看舌尖，再看舌中、舌边，最后看舌根部,先看舌边，再看舌尖、舌中，最后看舌根部,先看舌中，再看舌边、舌尖，最后看舌根部,,B
167,单项选择题,下列关于心肌梗死的描述，哪一项是正确的（ ）,心肌梗死仅发生在冠状动脉粥样硬化的基础上,心肌梗死通常不会影响心脏的收缩功能,心肌梗死常表现为节律性疼痛,心肌梗死的发生与血液中高密度脂蛋白水平无关,,A
168,单项选择题,下列关于中药煎煮方法的描述中，哪项是错误的（ ）,中药煎煮前需将药材浸泡一定时间,所有中药煎煮时均需加盖，以保持药效,煎煮过程中需要注意火候，避免火候过大或过小,煎煮时间应根据药材的性质和处方要求来确定,,B
169,单项选择题,下列关于中药炮制的描述中，错误的是（ ）,炮制的目的是增强药效或降低毒性,炮制的目的是为了提高药物的稳定性,有些中药需要经过炮制才能使用,炮制是为了去除药材中的杂质,,B
170,单项选择题,下列关于中医“八纲辨证”的描述，错误的是（ ）,表证多见于外感病初期,里证多见于疾病中期,寒证表现为面色苍白、四肢不温、脉沉迟,热证表现为面色潮红、口渴、脉数,,B
171,单项选择题,下列关于中医“脏腑学说”中，不属于五脏的是（ ）,心,肝,脾,骨,,D
172,单项选择题,下列关于中医脏腑理论的描述，哪项是错误的（ ）,肺为“水之上源”,脾为“气血生化之源”,肝主疏泄，调节情志活动,肾为“先天之本”，具有藏精主骨生髓的功能,,B
173,单项选择题,下列哪项不是六味地黄丸的药组（ ）,丹皮,泽泻,枸杞,淮山药,,C
174,单项选择题,下列哪项不是青蒿鳖甲汤主治证的症状（ ）,身热不扬,热退无汗,舌红苔少,脉细数,,A
175,单项选择题,下列哪项不属于旋覆代赭汤的药组（ ）,生姜,干姜,甘草,大枣,,B
176,单项选择题,下列哪项不是关元穴的主治病证（ ）,中风脱证、虚劳冷惫,癫狂痫、失眠,少腹疼痛、疝气,遗精、阳痿、早泄,,B
177,单项选择题,下列哪项不是六淫致病的特点（ ）,直接伤及内脏,与季节气候有关,可以单独致病,可以合并致病,,A
178,单项选择题,下列哪项不是全科医学的基本原则（ ）,以门诊为主体的服务,强调可及性和可接近性,提供急诊服务为主,提供“六位一体”服务,,C
179,单项选择题,下列哪项不是全科医学中常见的治疗方法（ ）,针灸,中药治疗,推拿按摩,手术,,D
180,单项选择题,下列哪项不是中医辨证论治的基本原则（ ）,辨证求因,辨病论治,辨证论治,因人制宜,,B
181,单项选择题,下列哪项不属于中医内科常见疾病的诊断要点（ ）,临床表现与体征的辨析,脉象的变化,病人的饮食习惯偏好,生化检查结果分析,,D
182,单项选择题,下列哪项不属于中医食疗的基本原则（ ）,因人施食,因时施食,因病施食,随意施食,,D
183,单项选择题,下列哪项是中医治疗原则中的“标本兼治”（ ）,治病求本,预防为主,攻补兼施,顺其自然,,C
184,单项选择题,下列哪一项不是脾胃虚弱证的主要临床表现（ ）,食欲不振,腹胀便溏,疲乏无力,口干舌燥,,D
185,单项选择题,下列哪一项不属于中医诊断的基本原则（ ）,整体观念,辨证论治,因地制宜,望闻问切,,C
186,单项选择题,下列哪种疾病不属于中医“五脏六腑”理论中的范畴（ ）,心,肝,肺,肾,,D
187,单项选择题,下列哪种情况不属于中医全科医学的常见病症（ ）,咳嗽,腹泻,高血压,心脏病,,D
188,单项选择题,下列哪种情况不属于中医治疗中的“实则泻之”原则（ ）,热病发热,寒病发热,痰湿阻滞,阳虚水肿,,D
189,单项选择题,下列炮制方法，可降低毒性的是（ ）,醋制延胡索,盐炒杜仲,醋制甘遂,醋制香附,,C
190,单项选择题,下列属于脾肾亏虚的目态是（ ）,目睛凝视,瞳孔散大,瞳孔缩小,胞睑下垂,,D
191,单项选择题,下列泻下剂组成中不含有大黄的是（ ）,黄龙汤,济川煎,调胃承气汤,麻子仁丸,,B
192,单项选择题,下列选项中属于“用寒远寒”治疗法则的是（ ）,阳虚证慎用寒凉药物,真寒假热证慎用寒凉药物,真热假寒证慎用寒凉药物,寒冬季节慎用寒凉药物,,D
193,单项选择题,下列药物中，不具有行气，止痛功效的药物是（ ）,郁金,白前,三棱,姜黄,,B
194,单项选择题,下列药物中具有养阴润肺，益胃生津，清心除烦功效的是（ ）,石斛,生地,麦冬,黄精,,C
195,单项选择题,下列药物中均具有补肝肾、强筋骨、安胎之功的是（ ）,鹿茸、杜仲,杜仲、续断,鹿茸、补骨脂,杜仲、肉苁蓉,,B
196,单项选择题,下列药物中均能凉血止血、散瘀解毒消痈的药物是（ ）,小蓟、大蓟,地榆、槐花,三七、茜草,白及、蒲黄,,A
197,单项选择题,下列药物中为醒神回苏之要药的是（ ）,麝香,冰片,人参,苏合香,,A
198,单项选择题,下列与情志抑郁关系密切的是（ ）,肝失疏泄,肺气虚弱,肾精不足,脾失健运,,A
199,单项选择题,先天与后天相互资助指的是（ ）,肝与心的关系,肝与肾的关系,肺与脾的关系,肾与脾的关系,,D
200,单项选择题,逍遥散中的姜药是（ ）,生姜,干姜,良姜,煨姜,,D
201,单项选择题,小柴胡汤的组成是（ ）,柴胡、黄芩、干姜、人参、茯苓、甘草、大枣,柴胡、黄芩、半夏、枳实、干姜、人参、甘草,柴胡、黄芩、半夏、人参、炙甘草、生姜、大枣,柴胡、黄连、半夏、人参、甘草、生姜、大枣,,C
202,单项选择题,小柴胡汤主治证候中，兼见心下悸，小便不利，治宜（ ）,去半夏、人参，加瓜蒌,去半夏加天花粉,去黄芩，加芍药,去黄芩，加茯苓,,D
203,单项选择题,小青龙汤中配伍干姜、细辛的主要用意是（ ）,温肺散寒,温脾散寒,散寒解表,温肺化饮,,D
204,单项选择题,虚喘的治疗要点是（ ）,宣肺,化痰,补肺,培补摄纳,,D
205,单项选择题,血之府为（ ）,舌,脉,汗孔,目,,B
206,单项选择题,药味分阴阳，属阳是的（ ）,酸、苦、咸,辛、苦、咸,辛、甘、淡,甘、淡、涩,,C
207,单项选择题,药物组成中含有白术、茯苓的方剂是（ ）,五苓散,猪苓汤,小建中汤,天王补心丹,,A
208,单项选择题,夜热早凉，热退无汗，舌红苔少，脉细数。治疗宜选用的方剂是（ ）,清营汤,黄连解毒汤,犀角地黄汤,青蒿鳖甲汤,,D
209,单项选择题,一贯煎的功用是（ ）,滋阴补肾,滋阴疏肝,清胃滋阴,养血疏肝,,B
210,单项选择题,一名 45 岁的女性患者，长期感到疲乏无力，食欲不振，并且面色萎黄，舌质淡胖边有,四君子汤,补中益气汤,归脾汤,六味地黄丸,,A
211,单项选择题,一位患有慢性胃炎的患者，平时常有上腹部不适，进食后加重，伴有嗳气、反酸症状。,肝气郁结,脾胃虚弱,胃阴不足,寒邪犯胃,,B
212,单项选择题,一位中年男性患者，因长期劳累过度，出现疲乏无力，食欲不振，面色萎黄，舌淡苔,肝阳上亢,心血不足,脾胃虚弱,肺气虚,,C
213,单项选择题,以化痰散饮，和胃降逆为主要功用的方剂是（ ）,旋覆代赭汤,理中丸,厚朴温中汤,小半夏汤,,D
214,单项选择题,以少气懒言，神疲乏力，自汗；面色淡白无华，舌质淡白，脉细无力为主要表现的证,气滞血瘀证,气虚血瘀证,气血两虚证,气不摄血证,,C
215,单项选择题,以下不是用炒法制成的是（ ）,大黄炭,地榆炭,荆芥炭,血余炭,,D
216,单项选择题,以下哪个选项不属于中医治疗原则中的“治未病”思想（ ）,预防为主,调整阴阳平衡,调和气血,疏通经络,,D
217,单项选择题,以下哪项不是中医基础理论的范畴（ ）,阴阳学说,五行学说,脏腑学说,经络学说,,D
218,单项选择题,以下哪项不属于中医诊断学中的“四诊”（ ）,望诊,闻诊,问诊,检查,,D
219,单项选择题,以下哪项不属于中医诊断中“望诊”的内容（ ）,望舌色,望面色,望舌苔,望脉象,,D
220,单项选择题,以下哪一项不是导致心绞痛的常见原因（ ）,冠状动脉痉挛,主动脉瓣狭窄,冠状动脉粥样硬化,主动脉瓣关闭不全,,D
221,单项选择题,以下哪种疾病不属于中医全科医学中的常见病（ ）,感冒,胃痛,肺炎,肝炎,,C
222,单项选择题,以下哪种情况不属于中医“气”的病机（ ）,气滞,气逆,气陷,气虚,,D
223,单项选择题,以下哪种情况不属于中医学中“辨证论治”的基本原则（ ）,辨证求因,证候归类,随证加减,以药代食,,D
224,单项选择题,以下哪种说法不属于中医养生保健的原则（ ）,饮食有节,起居有常,动静结合,过度劳累,,D
225,单项选择题,银翘散与桑菊饮组成中均含有的药物是（ ）,连翘、菊花,附子、细辛,桔梗、芦根,杏仁、芦根,,C
226,单项选择题,引起虚寒证的阴阳失调是（ ）,阳偏盛,阳偏衰,阴偏盛,阴偏衰,,B
227,单项选择题,有关针灸治疗蛇串疮，叙述不正确的是（ ）,出现的疱疹不能用三棱针点刺,后遗神经痛者可在局部用皮肤针叩刺,以局部阿是穴、相应夹脊穴为主,毫针刺，泻法，强刺激,,A
228,单项选择题,在奇经八脉中，下列与后溪相通的奇经是（ ）,督脉,阳维脉,阳跷脉,冲脉,,A
229,单项选择题,在全科医学中，关于高血压的管理，下列哪项描述是正确的（ ）,高血压患者应每年至少测量血压两次,一旦确诊为高血压，应立即开始药物治疗,对于所有高血压患者，无需进行生活方式干预,血压控制目标应根据患者的年龄、合并症及风险因素来决定,,D
230,单项选择题,在全科医学中，关于高血压的诊断标准，下列哪项是正确的（ ）,收缩压≥140mmHg 和/或舒张压≥90mmHg,收缩压≥130mmHg 和/或舒张压≥85mmHg,收缩压≥120mmHg 和/或舒张压≥80mmHg,收缩压≥150mmHg 和/或舒张压≥95mmHg,,A
231,单项选择题,在全科医学中，关于慢性病管理策略，以下哪一项不是常用的干预措施（ ）,定期随访,健康教育,指导患者自我管理,仅限于药物治疗,,D
232,单项选择题,在十二经脉走向中，足三阴是（ ）,从足走头,从手走头,从脏走手,从足走腹,,D
233,单项选择题,在中医理论中，“气”的主要功能不包括以下哪一项（ ）,推动作用,温煦作用,防御作用,生殖作用,,D
234,单项选择题,在中医理论中，对于心悸、失眠等症状，常选用的治疗方法包括（ ）,清热解毒,补益心脾,疏肝理气,活血化瘀,,B
235,单项选择题,在中医理论中，对于治疗心悸、失眠等症，常选用以下哪味药材进行调理（ ）,人参,麦冬,酸枣仁,黄芪,,C
236,单项选择题,在中医理论中，以下哪项不是导致疾病发生的外因（ ）,风寒,火邪,湿邪,情志内伤,,D
237,单项选择题,在中医全科医学中，以下哪项不是急性胰腺炎的主要临床表现（ ）,腹痛,恶心呕吐,发热,血糖升高,,D
238,单项选择题,在中医全科医学中，治疗肝阳上亢引起的头痛，首选的药物是（ ）,天麻,地龙,羚羊角,钩藤,,D
239,单项选择题,在中医学中，下列哪项属于“八纲辨证”中的“纲”（ ）,寒热,表里,阴阳,脏腑,,C
240,单项选择题,在中医治疗中，以下哪项不属于中医治疗的基本原则（ ）,治未病,病因论治,对症下药,调和气血,,C
241,单项选择题,在中医治疗中，针对久病体虚、精气不足的患者，常采用哪种治疗方法（ ）,清热解毒法,补益法,活血化瘀法,祛湿利水法,,B
242,单项选择题,真武汤中生姜的作用是（ ）,辛温发汗,温胃止呕,辛散水湿,调和营卫,,C
243,单项选择题,症见腹部冷痛，下利清谷，五更泄泻，水肿者，常为（ ）,肺胃两虚,脾胃同病,肝脾不和,脾肾俱病,,D
244,单项选择题,治疗耳鸣实证，应选取的主穴是（ ）,翳风、听会、侠溪、中渚、听宫,耳门、太溪、照海、听宫,翳风、侠溪、太冲、丘墟,听会、听宫、外关、合谷,,A
245,单项选择题,治疗目赤肿痛，除睛明，风池，太阳外，还应选取的主穴是（ ）,少商，外关,合谷，太冲,行间，侠溪,内庭，足临泣,,B
246,单项选择题,治疗妊娠呕恶、不思饮食、脘腹胀闷、胎动不安者，宜选用的药物是（ ）,生姜,厚朴,竹茹,砂仁,,D
247,单项选择题,治疗湿热泻痢，痔疮肿痛，宜选用（ ）,青蒿,胡黄连,牡丹皮,银柴胡,,B
248,单项选择题,治疗血瘀痛经，常与五灵脂配伍的药物是（ ）,郁金,白芍,赤芍,蒲黄,,D
249,单项选择题,治疗瘾疹可采用拔罐法，常用的腧穴是（ ）,血海,膈腧,神阙,风门,,C
250,单项选择题,治疗右上腹痛，阵发性加剧，并向右肩部放射，伴有恶心、呕吐，针灸取穴除阳陵泉、,胆囊穴、日月、期门,阑尾穴、中脘、足三里,胆囊穴、日月、京门,阑尾穴、中脘、天枢,,A
251,单项选择题,治肾虚骨痿，小儿囟门不合，齿迟行迟，宜选（ ）,熟地黄,白芍,龟甲,鳖甲,,C
252,单项选择题,中医基础理论中，下列哪项是“治未病”的核心思想（ ）,预防为主,辨证施治,调整阴阳,调和脏腑,,C
253,单项选择题,中医理论中，下列哪项不属于五行相生关系的顺序（ ）,木生火,火生土,土生金,金生水,,C
254,单项选择题,中医认为，下列哪种情况属于“痰湿内阻”（ ）,舌苔白厚腻，脉滑,舌苔薄白，脉浮数,舌苔黄腻，脉弦数,舌苔薄黄，脉细数,,A
255,单项选择题,中医学认为，下列哪项属于“六淫”之一（ ）,疲劳,风寒,精神压力,情绪波动,,B
256,单项选择题,中医治疗疾病的基本原则是（ ）,调和阴阳，疏通经络,治未病，预防为主,扶正祛邪，消除病因,根据病理变化，辨证施治,,D
257,单项选择题,中医治疗血虚证时，常加入一定量的补气药，其根据是（ ）,气能行血,气能摄血,气能生血,血能生气,,C
258,单项选择题,昼夜分阴阳，属于“阴中之阴”的时间是（ ）,前半夜,后半夜,上午,中午,,A
259,单项选择题,主宰水液代谢的是（ ）,肺,脾,三焦,肾,,D
260,单项选择题,主治外感风寒湿邪，内有蕴热证的方剂是（ ）,败毒散,九味羌活汤,羌活胜湿汤,柴葛解肌汤,,B
261,单项选择题,自汗夜卧尤甚，心悸惊惕，短气烦倦，舌淡红脉细弱者，宜用（ ）,玉屏风散,牡蛎散,当归六黄汤,桂枝汤,,B
262,单项选择题,足三阴经从开始部位至内踝上 8 寸段的分布是（ ）,厥阴在前，少阴在中，太阴在后,少阴在前，太阴在中，厥阴在后,厥阴在前，太阴在中，少阴在后,太阴在前，少阴在中，厥阴在后,,C
263,多项选择题,“大怒则形气绝，而血菀于上”的确切病机是（ ）,血随气结,肝气上逆,气机逆乱,血随气升,气随血脱,BD
264,多项选择题,拔罐出现水泡的原因可能是（ ）,留罐时间过长,皮肤敏感,体内湿气重,拔罐力度过大,局部感染,ABCD
265,多项选择题,拔罐的常见方法有（ ）,留罐法,闪罐法,走罐法,刺络拔罐法,药罐法,ABCDE
266,多项选择题,病人干咳无痰或少痰者，有哪些可能（ ）,燥邪犯肺,热邪犯肺,肺气虚损,阴虚肺燥,痰湿阻肺,AD
267,多项选择题,耳穴压豆的操作要点包括（ ）,选穴准确,胶布固定牢固,每日按压 3～5 次,单侧耳交替贴敷,皮肤破溃处禁用,ABCDE
268,多项选择题,耳穴压豆可治疗的病症包括（ ）,高血压,失眠,便秘,近视,痛经,ABCDE
269,多项选择题,肺气虚证的辨证要点是（ ）,咳嗽,呕吐,嗳气,阳虚证,气虚证,AE
270,多项选择题,扶正与祛邪兼用的原则是（ ）,扶正不留邪,先攻后补,祛邪不伤正,先补后攻,其他选项都不对,BD
271,多项选择题,根据七情分属五脏的理论，下列情志中属心所主的是（ ）,喜,怒,悲,惊,恐,AD
272,多项选择题,功能性电刺激的适应证是（ ）,脑卒中,脊髓损伤,脑瘫后的下肢、上肢运动功能障碍,下运动神经元受损,马尾或脊髓损伤后的排尿功能障碍等,ABCE
273,多项选择题,骨折已愈合，恢复关节活动范围的方法有（ ）,主动运动,助力运动与被动运动,关节活动牵引,夹板、石膏托及弹性支架,物理治疗,ABCDE
274,多项选择题,刮痧常用的介质有（ ）,凡士林,红花油,橄榄油,清水,中药药液,ABCDE
275,多项选择题,关节松动术的禁忌症包括（ ）,关节活动已经过度,外伤或疾病引起的关节肿胀（渗出增加）,关节的炎症,恶性疾病,未愈合的骨折,ABCDE
276,多项选择题,关于艾灸禁忌，正确的是（ ）,实热证忌用,孕妇腹部忌灸,大血管处忌灸,空腹时不宜艾灸,极度疲劳者忌灸,ABCDE
277,多项选择题,关于刺络拔罐，正确的是（ ）,先针刺后拔罐,适用于实证、瘀血证,出血量越多效果越好,需严格消毒防止感染,常用于带状疱疹治疗,ABDE
278,多项选择题,关于刮痧疗法，正确的是（ ）,可疏通腠理、调畅气血,宜单向刮拭，力度均匀,出痧后需立即洗澡清洁,适用于中暑、感冒等,皮肤破损处禁止刮痧,ABDE
279,多项选择题,关于穴位贴敷疗法，说法正确的是（ ）,三伏贴属于穴位贴敷,可治疗慢性疾病,皮肤过敏者慎用,贴敷时间不宜过长,需辨证选穴,ABCDE
280,多项选择题,肌力测定应做到（ ）,正确的测定姿势,防止协同肌的替代作用,左右对比检查,在运动后进行,反复两次检查,ABCE
281,多项选择题,肌力检查的禁忌症有（ ）,严重疼痛,严重关节积液红肿,关节极不稳定,软组织损伤刚愈合,骨折愈合后,ABCD
282,多项选择题,颈椎病常见分型包括（ ）,颈型,神经根型,脊髓型,椎动脉型,交感神经型,ABCDE
283,多项选择题,颈椎病的康复锻炼方法包括（ ）,米字操,颈椎牵引,平板支撑,游泳（蛙泳）,耸肩运动,ABDE
284,多项选择题,颈椎病牵引治疗的注意事项包括（ ）,选择合适的牵引重量,避免长时间连续牵引,饭后立即牵引效果更佳,牵引时保持正确体位,症状加重时需停止牵引,ABDE
285,多项选择题,六淫之中，易耗气伤津的邪气有（ ）,风邪,燥邪,暑邪,湿邪,火邪,CE
286,多项选择题,面瘫的中医治疗原则包括（ ）,祛风通络,活血化瘀,疏调经筋,补益肝肾,扶正祛邪,ACE
287,多项选择题,气的哪两种功能的相互协作，调控了体内液态物质的正常运行、分布和排泄（ ）,推动作用,温煦作用,防御作用,固摄作用,营养作用,AD
288,多项选择题,气为血之帅是指（ ）,气能生血,气能行血,气能摄血,血能载气,血能生气,ABC
289,多项选择题,切诊包括（ ）,问诊,按诊,脉诊,拍诊,闻诊,BC
290,多项选择题,软组织急性化脓性感染的早期浸润阶段，采用紫外线照射，一般采用（ ）,亚红斑量,红斑量,超红斑量,弱红斑量,微热量,ACD
291,多项选择题,肾中所藏之精的两个来源是（ ）,先天之精,水谷精微,脏腑精气,后天之精,宗气,AD
292,多项选择题,推拿治疗肩关节周围炎的手法包括（ ）,揉法,扳法,摇法,弹拨法,搓法,ABCDE
293,多项选择题,推拿治疗小儿疳积的常用手法有（ ）,补脾经,推三关,揉板门,捏脊,摩腹,ABCDE
294,多项选择题,推拿治疗腰腿痛时，常用的穴位有（ ）,委中,承山,环跳,阳陵泉,风池,ABCD
295,多项选择题,推拿治疗中，“拿法”的作用包括（ ）,疏通经络,解表发汗,开窍醒神,调和气血,松解粘连,ABCDE
296,多项选择题,推拿中的“振法”特点包括（ ）,快速振动,力量渗透,频率恒定,多用于胸腹部,可调节胃肠功能,ABCDE
297,多项选择题,歪斜舌的形成原因是（ ）,肝风夹痰,气血两虚,痰瘀阻络,阴虚火旺,其他选项都不对,AC
298,多项选择题,五脏分阴阳，以其功能特点而言，属阳的有（ ）,心,肝,脾,肺,肾,AB
299,多项选择题,下列关于艾灸的说法正确的是（ ）,温经散寒,扶阳固脱,以艾绒为主要材料,适用于阴虚火旺体质,可分为悬灸、隔物灸等,ABCE
300,多项选择题,下列可用于治疗失眠的穴位有（ ）,神门,三阴交,百会,涌泉,足三里,ABCD
301,多项选择题,下列可用于治疗胃痛的穴位有（ ）,中脘,足三里,内关,梁丘,三阴交,ABCD
302,多项选择题,下列哪几项是常见的气逆证（ ）,胃气上逆,肾气上逆,肺气上逆,脾气上逆,心气上逆,AC
303,多项选择题,下列属于补法推拿手法特点的是（ ）,频率快,力度轻,时间长,刺激弱,方向向心,BCDE
304,多项选择题,下列属于补气血的穴位是（ ）,气海,血海,足三里,关元,三阴交,ABCDE
305,多项选择题,下列属于温经通络的理疗方法是（ ）,艾灸,中药热敷,红外线照射,刺络放血,推拿点穴,ABCE
306,多项选择题,下列属于温里类中药的是（ ）,附子,肉桂,干姜,黄连,细辛,ABCE
307,多项选择题,下列属于泻法针刺手法的是（ ）,提插补泻中的重插轻提,捻转补泻中的右转用力重,徐疾补泻中的疾出徐入,开阖补泻中的出针后揉按针孔,呼吸补泻中的吸气时进针,BCE
308,多项选择题,下列属于中医“八法”的是（ ）,汗法,吐法,下法,和法,温法,ABCDE
309,多项选择题,下列属于中医“治未病”思想的是（ ）,未病先防,既病防变,愈后防复,急则治标,缓则治本,ABC
310,多项选择题,下述哪几项属于望舌形的内容（ ）,歪斜,痿软,胖大,齿痕,短缩,"C,D"
311,多项选择题,腰椎间盘突出症的常见症状有（ ）,腰痛,下肢放射性疼痛,间歇性跛行,下肢麻木,大小便失禁,ABCDE
312,多项选择题,以下病邪，属于阳邪的有（ ）,风邪,寒邪,暑邪,湿邪,燥邪,ACE
313,多项选择题,以下何脏腑与水液代谢有关（ ）,肺,脾,肾,三焦,膀胱,ABCDE
314,多项选择题,以下属于经络系统组成的是（ ）,十二经脉,奇经八脉,十五别络,十二经筋,十二皮部,ABCDE
315,多项选择题,以下属于气的升降失常的是（ ）,气滞,气逆,气脱,气闭,气陷,BE
316,多项选择题,以下属于祛湿类中药的是（ ）,茯苓,薏苡仁,苍术,黄芪,泽泻,ABCE
317,多项选择题,以下属于中医外治法的是（ ）,针灸疗法,中药内服,推拿按摩,拔罐疗法,艾灸疗法,ACDE
318,多项选择题,以下在五行中属木的是（ ）,筋,脉,肉,目,胆,ADE
319,多项选择题,抑木补土法是常用于哪两脏的治法（ ）,心,肺,肝,肾,脾,CE
320,多项选择题,忧伤过度则易（ ）,伤肺,伤肝,气下,气上,气结,AE
321,多项选择题,有悖中医理论观点的提法是（ ）,肺阴是五脏之阴的根本,脾胃为气血生化之源,心是五脏之大主,“肝受血而能视”,肾为气之主,AE
322,多项选择题,与肺通调水道功能直接相关的是（ ）,肺主呼吸之气,肺主一身之气,肺气宣发,肺气肃降,肺朝百脉,CD
323,多项选择题,与气的生成关系密切的脏是（ ）,心,肝,脾,肺,肾,CDE
324,多项选择题,与血液运行关系密切的脏是（ ）,心,肝,脾,肺,肾,BCD
325,多项选择题,运动疗法相对的禁忌症是（ ）,感染性疾病,发热,器官功能失代偿,严重衰弱,关节功能障碍,ABCD
326,多项选择题,在药食五味中，属于阴的味是（ ）,辛,甘,酸,苦,咸,CDE
327,多项选择题,针灸的禁忌证包括（ ）,孕妇腹部穴位,皮肤感染处,饥饿、疲劳状态,严重出血倾向者,高热惊厥患者,ABCD
328,多项选择题,针灸治疗原则包括（ ）,补虚泻实,清热温寒,治病求本,三因制宜,调和阴阳,ABCDE
329,多项选择题,诊察头发可以判断（ ）,肝的病变,肾气充足与否,精血的盛衰,津液的盛衰,病邪的性质,BC
330,多项选择题,治疗便秘的常用穴位有（ ）,天枢,支沟,足三里,上巨虚,照海,ABCDE
331,多项选择题,治疗眩晕的常用穴位有（ ）,风池,百会,太冲,内关,丰隆,ABCDE
332,多项选择题,中药泡脚的作用有（ ）,促进血液循环,改善睡眠,缓解疲劳,治疗皮肤病,调节脏腑功能,ABCE
333,多项选择题,中药熏蒸的作用包括（ ）,祛风除湿,消肿止痛,温通经络,清热解毒,调节气血,ABCE
334,多项选择题,中药足浴常用的药材有（ ）,艾叶,花椒,红花,当归,生姜,ABCDE
335,多项选择题,中医“六淫”致病因素包括（ ）,风,寒,暑,湿,燥、火,ABCDE
336,多项选择题,中医“四诊”的内容包括（ ）,望诊,闻诊,问诊,切诊,触诊,ABCD
337,多项选择题,中医理疗中，“八纲辨证”的内容包括（ ）,阴阳,表里,寒热,虚实,气血,ABCD
338,多项选择题,中医认为，导致痹症的病因有（ ）,风邪,寒邪,湿邪,热邪,正气不足,ABCDE
339,多项选择题,中医认为，肥胖的病因包括（ ）,痰湿内盛,脾胃虚弱,肝郁气滞,脾肾阳虚,瘀血阻滞,ABCDE
340,多项选择题,中医认为，失眠的病因包括（ ）,肝郁化火,心脾两虚,阴虚火旺,痰热内扰,胃气不和,ABCDE
341,多项选择题,中医推拿中的“滚法”适用于（ ）,颈项部,肩背部,四肢部,胸腹部,腰骶部,ABCE
342,判断题,“除中”亦属假神的一种表现。（ ）,,,,,,对
343,判断题,“治未病”思想是中医全科医学的重要理念。（ ）,,,,,,对
344,判断题,艾灸的主要材料是艾草，燃烧时产生的热量和药力可温通经络。（ ）,,,,,,对
345,判断题,艾灸关元穴具有温补肾阳、培元固本的功效。（ ）,,,,,,对
346,判断题,艾灸时距离皮肤越近，温度越高，疗效越好。（ ）,,,,,,错
347,判断题,艾灸足三里穴可以起到健脾和胃、扶正培元的作用。（ ）,,,,,,对
348,判断题,按摩百会穴有升阳固脱、开窍醒脑的功效。（ ）,,,,,,对
349,判断题,按摩风池穴可以缓解颈部不适、改善头部血液循环。（ ）,,,,,,对
350,判断题,按摩合谷穴常用于治疗头痛、牙痛等头面部病症。（ ）,,,,,,对
351,判断题,按摩天枢穴可以起到调理肠胃、促进消化的作用。（ ）,,,,,,对
352,判断题,拔罐后皮肤出现水泡，说明体内湿气较重，无需特殊处理。（ ）,,,,,,错
353,判断题,拔罐后皮肤颜色越黑紫，说明体内病邪越重。（ ）,,,,,,对
354,判断题,拔罐疗法能够改善局部血液循环，增强人体免疫力。（ ）,,,,,,对
355,判断题,拔罐只能使用火罐，其他方式都不属于正规拔罐疗法。（ ）,,,,,,错
356,判断题,白苔主寒证，亦可见于外感温热病中。（ ）,,,,,,对
357,判断题,肠鸣非皆属病态。（ ）,,,,,,对
358,判断题,除儿童外其他人不需补钙。（ ）,,,,,,错
359,判断题,大便溏结不调，应属消化不良所致。（ ）,,,,,,错
360,判断题,但见手足厥冷，即可诊为寒证。（ ）,,,,,,错
361,判断题,盗汗不尽为阴虚，自汗非皆属阳虚。（ ）,,,,,,对
362,判断题,电疗仪使用前不需要检查设备是否正常。（ ）,,,,,,错
363,判断题,电针疗法是将针刺与电刺激相结合，刺激强度越大越好。（ ）,,,,,,错
364,判断题,耳穴放血疗法可以治疗耳部局部病症及全身相关病症。（ ）,,,,,,对
365,判断题,耳穴贴压可以治疗全身多种疾病，耳部的穴位对应着人体各个器官。（ ）,,,,,,对
366,判断题,刮痧方向一般是从上向下、从内向外刮拭。（ ）,,,,,,对
367,判断题,刮痧后可以立即洗澡，保持皮肤清洁。（ ）,,,,,,错
368,判断题,刮痧可以随意在身体任何部位进行，以出痧为主要目的。（ ）,,,,,,错
369,判断题,寒热并见必是外感病表证无疑。（ ）,,,,,,错
370,判断题,近亲结婚生育的孩子容易得遗传性疾病。（ ）,,,,,,对
371,判断题,经络气血不足时，采用补法推拿可以促进气血生成。（ ）,,,,,,对
372,判断题,经络是运行气血、联络脏腑形体官窍、沟通内外上下的通道。（ ）,,,,,,对
373,判断题,经络系统中，经别是从十二经脉别出的重要分支。（ ）,,,,,,对
374,判断题,理疗过程中，患者出现头晕、心慌等不适症状，应立即停止并采取相应措施。（ ）,,,,,,对
375,判断题,临床上短缩舌与痿软舌最易同见。（ ）,,,,,,对
376,判断题,人体的督脉被称为“阳脉之海”，统领一身之阳经。,,,,,,对
377,判断题,人体的任脉被称为“阴脉之海”，总任一身之阴经。,,,,,,对
378,判断题,人体的十二经脉与脏腑直接相连，表里经之间相互络属。（ ）,,,,,,对
379,判断题,任何部位的皮肤破损都不适合进行中医外治理疗。（ ）,,,,,,对
380,判断题,三伏贴适用于所有人群，是一种万能的养生保健方法。（ ）,,,,,,错
381,判断题,身体没病就是健康。（ ）,,,,,,错
382,判断题,所有的疼痛症状都可以通过推拿进行快速缓解。（ ）,,,,,,错
383,判断题,糖尿病的三多一少症状是指：吃得多，喝得多，尿得多及体重减少。（ ）,,,,,,对
384,判断题,推拿手法的频率快慢不影响治疗效果。（ ）,,,,,,错
385,判断题,推拿手法中，揉法是用手指或手掌在体表做环形转动摩擦。（ ）,,,,,,对
386,判断题,推拿治疗时，力度越大、时间越长，治疗效果就越好。（ ）,,,,,,错
387,判断题,推拿中的滚法主要用手背近小指侧部分或小指、无名指、中指的掌指关节突起部分在,,,,,,对
388,判断题,推拿中的拿法主要作用是疏通经络、解表发汗、镇静止痛。（ ）,,,,,,对
389,判断题,望神，就是望人之精神意识、思维活动是否正常。（ ）,,,,,,错
390,判断题,瘀血与血瘀证概念相同。（ ）,,,,,,错
391,判断题,遇到触电溺水等意外事故或严重疾病而引起呼吸，心跳停止时，进行心肺复苏是有效,,,,,,对
392,判断题,针刺得气是指进针后产生酸、麻、胀、重等感觉，是针刺有效的表现。（ ）,,,,,,对
393,判断题,针刺的针具可以重复使用，只要做好消毒即可。（ ）,,,,,,错
394,判断题,针灸疗法中，针刺的深度和角度会影响治疗效果和安全性。（ ）,,,,,,对
395,判断题,中药灌肠疗法主要用于治疗肠道疾病，对其他疾病无效。（ ）,,,,,,错
396,判断题,中药泡脚时，水温越高，泡脚时间越长，效果越好。（ ）,,,,,,错
397,判断题,中药热敷包可以反复使用，直到没有药效为止。（ ）,,,,,,错
398,判断题,中药熏蒸的温度和时间应根据患者的耐受程度和病情进行调整。（ ）,,,,,,对
399,判断题,中药熏蒸疗法能通过皮肤吸收药物，起到温通气血、祛湿散寒的作用。（ ）,,,,,,对
400,判断题,中医理疗可以替代药物治疗和手术治疗。（ ）,,,,,,错
401,判断题,中医理疗中，热疗都适合于热性病症的治疗。（ ）,,,,,,错
402,判断题,中医全科理疗可以根据每个人的体质和病症进行个性化治疗。（ ）,,,,,,对
403,判断题,中医全科理疗师在治疗前不需要了解患者的过敏史。（ ）,,,,,,错
404,判断题,中医全科医疗的重点是治疗疑难重症。（ ）,,,,,,错
405,判断题,中医全科医疗中，中药治疗是唯一的治疗方法。（ ）,,,,,,错
406,判断题,中医全科医生在疾病诊断中主要依靠仪器检查。（ ）,,,,,,错
407,判断题,中医全科医生只需要掌握中医知识，不需要了解西医知识。（ ）,,,,,,错
408,判断题,中医认为“通则不痛，痛则不通”，经络气血通畅是人体健康的重要基础。,,,,,,对
409,判断题,足部按摩时，如果发现有疼痛点，就代表对应的脏腑有病变。（ ）,,,,,,错
410,判断题,足部反射区按摩可以调节相应脏腑的功能，改善身体状况。（ ）,,,,,,对
